Time_s,K_1,K_2,K_3
0,0.2502088549366816,0.32162657456593813,0.3499998067077919
