Time_s,K_1,K_2,K_3
0,0.3499999999813888,0.34999999177293795,0.2940925839797973
