Time_s,K_1,K_2,K_3
0,0.3499999999596446,0.349999999908584,0.3499999999789869
