Time_s,K_1,K_2,K_3
0,0.17139534334830467,0.3499874456478433,0.3499970694920508
