Time_s,K_1,K_2,K_3
0,0.032942449995570125,0.34999837991353777,0.34999337241127254
