Time_s,K_1,K_2,K_3
0,0.34999986631610724,0.34999927966018446,0.33867692218956025
