Time_s,K_1,K_2,K_3
0,0.3386193348146648,0.34999147097812106,0.3423591310665913
