Time_s,K_1,K_2,K_3
0,0.31955903698085103,0.34999998879818534,0.3499997088382949
