Time_s,K_1,K_2,K_3
0,0.3499999989751111,0.3499999905204619,0.34937633011987673
