Time_s,K_1,K_2,K_3
0,0.3499999972575901,0.3499999826840258,0.2535627218141942
