Time_s,K_1,K_2,K_3
0,0.34999992784560696,0.09821552730551328,0.0395384824626252
