Time_s,K_1,K_2,K_3
0,0.34999998419891726,0.12406198673764825,0.04434989628350379
