Time_s,K_1,K_2,K_3
0,0.3499999943677678,0.10513315896440774,0.04708593668534351
