Time_s,K_1,K_2,K_3
0,0.34999964731711075,0.1347960416286595,0.04656915035880927
