Time_s,K_1,K_2,K_3
0,0.3499994846822655,0.10098878460272562,0.05079972977248623
