Time_s,K_1,K_2,K_3
0,0.3499985605868865,0.10967802397821799,0.06630626154319741
