Time_s,K_1,K_2,K_3
0,0.3499999184769043,0.11424609727194503,0.04830915174236676
