Time_s,K_1,K_2,K_3
0,0.3499995499218549,0.10643993548981112,0.06493047366826835
