Time_s,K_1,K_2,K_3
0,0.34999977603154775,0.10477964539948088,0.053279969601793015
