Time_s,K_1,K_2,K_3
0,0.09787455410150914,0.1918807207639913,0.05659040098351215
